{
  "PreviousHotkey": "",
  "Hotkey": "Alt \u002B Space",
  "UseCentralizedKeyboardHook": false,
  "SearchQueryResultsWithDelay": true,
  "SearchInputDelayFast": 0,
  "SearchInputDelay": 150,
  "SearchQueryTuningEnabled": false,
  "SearchWaitForSlowResults": false,
  "SearchClickedItemWeight": 5,
  "Language": "en",
  "Theme": 0,
  "StartupPosition": 0,
  "QueryBoxFont": "Microsoft Sans Serif",
  "PTRunNonDelayedSearchInParallel": true,
  "PTRSearchQueryFastResultsWithDelay": false,
  "ResultFont": "Microsoft Sans Serif",
  "AutoUpdates": false,
  "WindowLeft": 180,
  "WindowTop": 211,
  "MaxResultsToShow": 4,
  "ActivateTimes": 26,
  "CustomPluginHotkeys": [],
  "DontPromptUpdateMsg": false,
  "EnableUpdateLog": false,
  "StartWoxOnSystemStartup": true,
  "HideOnStartup": false,
  "HideNotifyIcon": false,
  "LeaveCmdOpen": false,
  "HideWhenDeactivated": true,
  "ClearInputOnLaunch": false,
  "RememberLastLaunchLocation": false,
  "IgnoreHotkeysOnFullscreen": false,
  "StartedFromPowerToysRunner": true,
  "Proxy": {
    "Enabled": false,
    "Port": 0
  },
  "LastQueryMode": "Selected"
}