{"applied-layouts":[{"device":{"monitor":"LGD06B1","monitor-instance":"4&8bc03bf&0&UID8388688","serial-number":"1582241","monitor-number":1,"virtual-desktop":"{77DB7909-9522-4D08-A4DA-4EF6ED153016}"},"applied-layout":{"uuid":"{00000000-0000-0000-0000-000000000000}","type":"priority-grid","show-spacing":true,"spacing":16,"zone-count":3,"sensitivity-radius":20}},{"device":{"monitor":"AOC3201","monitor-instance":"4&8bc03bf&0&UID53318","serial-number":"52","monitor-number":1,"virtual-desktop":"{77DB7909-9522-4D08-A4DA-4EF6ED153016}"},"applied-layout":{"uuid":"{00000000-0000-0000-0000-000000000000}","type":"priority-grid","show-spacing":true,"spacing":16,"zone-count":3,"sensitivity-radius":20}},{"device":{"monitor":"\\\\.\\DISPLAY1","monitor-instance":"","serial-number":"","monitor-number":0,"virtual-desktop":"{77DB7909-9522-4D08-A4DA-4EF6ED153016}"},"applied-layout":{"uuid":"{00000000-0000-0000-0000-000000000000}","type":"priority-grid","show-spacing":true,"spacing":16,"zone-count":3,"sensitivity-radius":20}},{"device":{"monitor":"AOC2460","monitor-instance":"4&8bc03bf&0&UID57670","serial-number":"F88G7BA001476","monitor-number":3,"virtual-desktop":"{77DB7909-9522-4D08-A4DA-4EF6ED153016}"},"applied-layout":{"uuid":"{00000000-0000-0000-0000-000000000000}","type":"priority-grid","show-spacing":true,"spacing":16,"zone-count":3,"sensitivity-radius":20}}]}